,BLOCK_ID_GTFS,BLOCK_ID_USER,DAY,ROUTE_ID,ROUTE_ID_2,ROUTE_ID_3,SERVICE_ID,START_TIME,END_TIME,INSERVICE_START_TIME,INSERVICE_END_TIME,ST,ET,INSERVICE_ST,INSERVICE_ET,REVENUE_TIME,REVENUE_LENGTH,DEADHEAD_TIME,DEADHEAD_LENGTH,BREAK_TIME
0,102,102,FRIDAY,2,,,2,06:22,21:48,06:40,21:30,22920,78480,24000,77400,758,174.572,36,21.0,132
1,102,102,FRIDAY,2,,,5,06:22,21:48,06:40,21:30,22920,78480,24000,77400,758,174.572,36,21.0,132
2,102,102,MONDAY,2,,,2,06:22,21:48,06:40,21:30,22920,78480,24000,77400,758,174.572,36,21.0,132
3,102,102,MONDAY,2,,,4,06:22,21:48,06:40,21:30,22920,78480,24000,77400,758,174.572,36,21.0,132
4,102,102,THURSDAY,2,,,2,06:22,21:48,06:40,21:30,22920,78480,24000,77400,758,174.572,36,21.0,132
5,102,102,THURSDAY,2,,,4,06:22,21:48,06:40,21:30,22920,78480,24000,77400,758,174.572,36,21.0,132
6,102,102,TUESDAY,2,,,1,06:22,21:48,06:40,21:30,22920,78480,24000,77400,758,174.572,36,21.0,132
7,102,102,TUESDAY,2,,,2,06:22,21:48,06:40,21:30,22920,78480,24000,77400,758,174.572,36,21.0,132
8,102,102,WEDNESDAY,2,,,2,06:22,21:48,06:40,21:30,22920,78480,24000,77400,758,174.572,36,21.0,132
9,102,102,WEDNESDAY,2,,,4,06:22,21:48,06:40,21:30,22920,78480,24000,77400,758,174.572,36,21.0,132
10,112,112,FRIDAY,2,,,2,07:02,21:23,07:20,21:05,25320,76980,26400,75900,699,159.081,36,21.0,126
11,112,112,FRIDAY,2,,,5,07:02,21:23,07:20,21:05,25320,76980,26400,75900,699,159.081,36,21.0,126
12,112,112,MONDAY,2,,,2,07:02,21:23,07:20,21:05,25320,76980,26400,75900,699,159.081,36,21.0,126
13,112,112,MONDAY,2,,,4,07:02,21:23,07:20,21:05,25320,76980,26400,75900,699,159.081,36,21.0,126
14,112,112,THURSDAY,2,,,2,07:02,21:23,07:20,21:05,25320,76980,26400,75900,699,159.081,36,21.0,126
15,112,112,THURSDAY,2,,,4,07:02,21:23,07:20,21:05,25320,76980,26400,75900,699,159.081,36,21.0,126
16,112,112,TUESDAY,2,,,1,07:02,21:23,07:20,21:05,25320,76980,26400,75900,699,159.081,36,21.0,126
17,112,112,TUESDAY,2,,,2,07:02,21:23,07:20,21:05,25320,76980,26400,75900,699,159.081,36,21.0,126
18,112,112,WEDNESDAY,2,,,2,07:02,21:23,07:20,21:05,25320,76980,26400,75900,699,159.081,36,21.0,126
19,112,112,WEDNESDAY,2,,,4,07:02,21:23,07:20,21:05,25320,76980,26400,75900,699,159.081,36,21.0,126
20,11X,11X,FRIDAY,1X,,,2,05:10,18:06,05:22,17:54,18600,65160,19320,64440,584,168.105,24,7.7,168
21,11X,11X,FRIDAY,1X,,,5,05:10,18:06,05:22,17:54,18600,65160,19320,64440,584,168.105,24,7.7,168
22,11X,11X,MONDAY,1X,,,2,05:10,18:06,05:22,17:54,18600,65160,19320,64440,584,168.105,24,7.7,168
23,11X,11X,MONDAY,1X,,,4,05:10,18:06,05:22,17:54,18600,65160,19320,64440,584,168.105,24,7.7,168
24,11X,11X,SATURDAY,1X,,,6,07:27,18:06,07:39,17:54,26820,65160,27540,64440,484,138.591,24,7.7,131
25,11X,11X,SUNDAY,1X,,,3,07:27,18:06,07:39,17:54,26820,65160,27540,64440,484,138.591,24,7.7,131
26,11X,11X,THURSDAY,1X,,,2,05:10,18:06,05:22,17:54,18600,65160,19320,64440,584,168.105,24,7.7,168
27,11X,11X,THURSDAY,1X,,,4,05:10,18:06,05:22,17:54,18600,65160,19320,64440,584,168.105,24,7.7,168
28,11X,11X,THURSDAY,1X,,,6,07:27,18:06,07:39,17:54,26820,65160,27540,64440,484,138.591,24,7.7,131
29,11X,11X,TUESDAY,1X,,,1,05:10,18:06,05:22,17:54,18600,65160,19320,64440,584,168.105,24,7.7,168
30,11X,11X,TUESDAY,1X,,,2,05:10,18:06,05:22,17:54,18600,65160,19320,64440,584,168.105,24,7.7,168
31,11X,11X,WEDNESDAY,1X,,,2,05:10,18:06,05:22,17:54,18600,65160,19320,64440,584,168.105,24,7.7,168
32,11X,11X,WEDNESDAY,1X,,,4,05:10,18:06,05:22,17:54,18600,65160,19320,64440,584,168.105,24,7.7,168
33,12,12,FRIDAY,2,,,2,04:10,21:46,04:20,21:28,15000,78360,15600,77280,861,199.38,28,14.5,167
34,12,12,FRIDAY,2,,,5,04:10,21:46,04:20,21:28,15000,78360,15600,77280,861,199.38,28,14.5,167
35,12,12,MONDAY,2,,,2,04:10,21:46,04:20,21:28,15000,78360,15600,77280,861,199.38,28,14.5,167
36,12,12,MONDAY,2,,,4,04:10,21:46,04:20,21:28,15000,78360,15600,77280,861,199.38,28,14.5,167
37,12,12,SATURDAY,2,,,6,04:35,21:16,04:44,20:58,16500,76560,17040,75480,837,212.187,27,13.2,137
38,12,12,SUNDAY,2,,,3,04:35,21:16,04:44,20:58,16500,76560,17040,75480,837,212.187,27,13.2,137
39,12,12,THURSDAY,2,,,2,04:10,21:46,04:20,21:28,15000,78360,15600,77280,861,199.38,28,14.5,167
40,12,12,THURSDAY,2,,,4,04:10,21:46,04:20,21:28,15000,78360,15600,77280,861,199.38,28,14.5,167
41,12,12,THURSDAY,2,,,6,04:35,21:16,04:44,20:58,16500,76560,17040,75480,837,212.187,27,13.2,137
42,12,12,TUESDAY,2,,,1,04:10,21:46,04:20,21:28,15000,78360,15600,77280,861,199.38,28,14.5,167
43,12,12,TUESDAY,2,,,2,04:10,21:46,04:20,21:28,15000,78360,15600,77280,861,199.38,28,14.5,167
44,12,12,WEDNESDAY,2,,,2,04:10,21:46,04:20,21:28,15000,78360,15600,77280,861,199.38,28,14.5,167
45,12,12,WEDNESDAY,2,,,4,04:10,21:46,04:20,21:28,15000,78360,15600,77280,861,199.38,28,14.5,167
46,122,122,FRIDAY,2,,,2,07:22,19:40,07:40,19:22,26520,70800,27600,69720,600,136.649,36,21.0,102
47,122,122,FRIDAY,2,,,5,07:22,19:40,07:40,19:22,26520,70800,27600,69720,600,136.649,36,21.0,102
48,122,122,MONDAY,2,,,2,07:22,19:40,07:40,19:22,26520,70800,27600,69720,600,136.649,36,21.0,102
49,122,122,MONDAY,2,,,4,07:22,19:40,07:40,19:22,26520,70800,27600,69720,600,136.649,36,21.0,102
50,122,122,THURSDAY,2,,,2,07:22,19:40,07:40,19:22,26520,70800,27600,69720,600,136.649,36,21.0,102
51,122,122,THURSDAY,2,,,4,07:22,19:40,07:40,19:22,26520,70800,27600,69720,600,136.649,36,21.0,102
52,122,122,TUESDAY,2,,,1,07:22,19:40,07:40,19:22,26520,70800,27600,69720,600,136.649,36,21.0,102
53,122,122,TUESDAY,2,,,2,07:22,19:40,07:40,19:22,26520,70800,27600,69720,600,136.649,36,21.0,102
54,122,122,WEDNESDAY,2,,,2,07:22,19:40,07:40,19:22,26520,70800,27600,69720,600,136.649,36,21.0,102
55,122,122,WEDNESDAY,2,,,4,07:22,19:40,07:40,19:22,26520,70800,27600,69720,600,136.649,36,21.0,102
56,13,13,FRIDAY,3,,,2,05:33,20:20,05:39,20:01,19980,73200,20340,72060,726,169.319,25,7.0,136
57,13,13,FRIDAY,3,,,5,05:33,20:20,05:39,20:01,19980,73200,20340,72060,726,169.319,25,7.0,136
58,13,13,MONDAY,3,,,2,05:33,20:20,05:39,20:01,19980,73200,20340,72060,726,169.319,25,7.0,136
59,13,13,MONDAY,3,,,4,05:33,20:20,05:39,20:01,19980,73200,20340,72060,726,169.319,25,7.0,136
60,13,13,SATURDAY,3,,,6,05:33,19:07,05:39,18:48,19980,68820,20340,67680,648,153.659,25,7.0,141
61,13,13,SUNDAY,3,,,3,05:33,19:07,05:39,18:48,19980,68820,20340,67680,648,153.659,25,7.0,141
62,13,13,THURSDAY,3,,,2,05:33,20:20,05:39,20:01,19980,73200,20340,72060,726,169.319,25,7.0,136
63,13,13,THURSDAY,3,,,4,05:33,20:20,05:39,20:01,19980,73200,20340,72060,726,169.319,25,7.0,136
64,13,13,THURSDAY,3,,,6,05:33,19:07,05:39,18:48,19980,68820,20340,67680,648,153.659,25,7.0,141
65,13,13,TUESDAY,3,,,1,05:33,20:20,05:39,20:01,19980,73200,20340,72060,726,169.319,25,7.0,136
66,13,13,TUESDAY,3,,,2,05:33,20:20,05:39,20:01,19980,73200,20340,72060,726,169.319,25,7.0,136
67,13,13,WEDNESDAY,3,,,2,05:33,20:20,05:39,20:01,19980,73200,20340,72060,726,169.319,25,7.0,136
68,13,13,WEDNESDAY,3,,,4,05:33,20:20,05:39,20:01,19980,73200,20340,72060,726,169.319,25,7.0,136
69,14,14,FRIDAY,4,,,2,06:55,08:22,07:05,08:16,24900,30120,25500,29760,71,13.8315,16,6.0,0
70,14,14,FRIDAY,4,,,5,06:55,08:22,07:05,08:16,24900,30120,25500,29760,71,13.8315,16,6.0,0
71,14,14,MONDAY,4,,,2,06:55,08:22,07:05,08:16,24900,30120,25500,29760,71,13.8315,16,6.0,0
72,14,14,MONDAY,4,,,4,06:55,08:22,07:05,08:16,24900,30120,25500,29760,71,13.8315,16,6.0,0
73,14,14,THURSDAY,4,,,2,06:55,08:22,07:05,08:16,24900,30120,25500,29760,71,13.8315,16,6.0,0
74,14,14,THURSDAY,4,,,4,06:55,08:22,07:05,08:16,24900,30120,25500,29760,71,13.8315,16,6.0,0
75,14,14,TUESDAY,4,,,1,06:55,08:22,07:05,08:16,24900,30120,25500,29760,71,13.8315,16,6.0,0
76,14,14,TUESDAY,4,,,2,06:55,08:22,07:05,08:16,24900,30120,25500,29760,71,13.8315,16,6.0,0
77,14,14,WEDNESDAY,4,,,2,06:55,08:22,07:05,08:16,24900,30120,25500,29760,71,13.8315,16,6.0,0
78,14,14,WEDNESDAY,4,,,4,06:55,08:22,07:05,08:16,24900,30120,25500,29760,71,13.8315,16,6.0,0
79,15,15,FRIDAY,5,,,2,05:38,20:35,05:45,20:14,20280,74100,20700,72840,743,183.026,28,10.2,126
80,15,15,FRIDAY,5,,,5,05:38,20:35,05:45,20:14,20280,74100,20700,72840,743,183.026,28,10.2,126
81,15,15,MONDAY,5,,,2,05:38,20:35,05:45,20:14,20280,74100,20700,72840,743,183.026,28,10.2,126
82,15,15,MONDAY,5,,,4,05:38,20:35,05:45,20:14,20280,74100,20700,72840,743,183.026,28,10.2,126
83,15,15,SATURDAY,5,,,6,06:09,21:15,06:30,21:02,22140,76500,23400,75720,738,182.057,34,14.3,134
84,15,15,SUNDAY,5,,,3,06:09,21:15,06:30,21:02,22140,76500,23400,75720,738,182.057,34,14.3,134
85,15,15,THURSDAY,5,,,2,05:38,20:35,05:45,20:14,20280,74100,20700,72840,743,183.026,28,10.2,126
86,15,15,THURSDAY,5,,,4,05:38,20:35,05:45,20:14,20280,74100,20700,72840,743,183.026,28,10.2,126
87,15,15,THURSDAY,5,,,6,06:09,21:15,06:30,21:02,22140,76500,23400,75720,738,182.057,34,14.3,134
88,15,15,TUESDAY,5,,,1,05:38,20:35,05:45,20:14,20280,74100,20700,72840,743,183.026,28,10.2,126
89,15,15,TUESDAY,5,,,2,05:38,20:35,05:45,20:14,20280,74100,20700,72840,743,183.026,28,10.2,126
90,15,15,WEDNESDAY,5,,,2,05:38,20:35,05:45,20:14,20280,74100,20700,72840,743,183.026,28,10.2,126
91,15,15,WEDNESDAY,5,,,4,05:38,20:35,05:45,20:14,20280,74100,20700,72840,743,183.026,28,10.2,126
92,21X,21X,FRIDAY,1X,,,2,05:12,18:51,05:24,18:39,18720,67860,19440,67140,620,178.188,24,7.7,175
93,21X,21X,FRIDAY,1X,,,5,05:12,18:51,05:24,18:39,18720,67860,19440,67140,620,178.188,24,7.7,175
94,21X,21X,MONDAY,1X,,,2,05:12,18:51,05:24,18:39,18720,67860,19440,67140,620,178.188,24,7.7,175
95,21X,21X,MONDAY,1X,,,4,05:12,18:51,05:24,18:39,18720,67860,19440,67140,620,178.188,24,7.7,175
96,21X,21X,SATURDAY,1X,,,6,08:12,18:51,08:24,18:39,29520,67860,30240,67140,484,138.591,24,7.7,131
97,21X,21X,SUNDAY,1X,,,3,08:12,18:51,08:24,18:39,29520,67860,30240,67140,486,138.591,24,7.7,129
98,21X,21X,THURSDAY,1X,,,2,05:12,18:51,05:24,18:39,18720,67860,19440,67140,620,178.188,24,7.7,175
99,21X,21X,THURSDAY,1X,,,4,05:12,18:51,05:24,18:39,18720,67860,19440,67140,620,178.188,24,7.7,175
100,21X,21X,THURSDAY,1X,,,6,08:12,18:51,08:24,18:39,29520,67860,30240,67140,484,138.591,24,7.7,131
101,21X,21X,TUESDAY,1X,,,1,05:12,18:51,05:24,18:39,18720,67860,19440,67140,620,178.188,24,7.7,175
102,21X,21X,TUESDAY,1X,,,2,05:12,18:51,05:24,18:39,18720,67860,19440,67140,620,178.188,24,7.7,175
103,21X,21X,WEDNESDAY,1X,,,2,05:12,18:51,05:24,18:39,18720,67860,19440,67140,620,178.188,24,7.7,175
104,21X,21X,WEDNESDAY,1X,,,4,05:12,18:51,05:24,18:39,18720,67860,19440,67140,620,178.188,24,7.7,175
105,22,22,FRIDAY,2,,,2,04:20,21:38,04:28,21:20,15600,77880,16080,76800,844,197.76,26,12.8,168
106,22,22,FRIDAY,2,,,5,04:20,21:38,04:28,21:20,15600,77880,16080,76800,844,197.76,26,12.8,168
107,22,22,MONDAY,2,,,2,04:20,21:38,04:28,21:20,15600,77880,16080,76800,844,197.76,26,12.8,168
108,22,22,MONDAY,2,,,4,04:20,21:38,04:28,21:20,15600,77880,16080,76800,844,197.76,26,12.8,168
109,22,22,SATURDAY,2,,,6,04:46,21:56,04:53,21:38,17160,78960,17580,77880,860,220.261,25,12.3,145
110,22,22,SUNDAY,2,,,3,04:46,21:56,04:53,21:38,17160,78960,17580,77880,860,220.261,25,12.3,145
111,22,22,THURSDAY,2,,,2,04:20,21:38,04:28,21:20,15600,77880,16080,76800,844,197.76,26,12.8,168
112,22,22,THURSDAY,2,,,4,04:20,21:38,04:28,21:20,15600,77880,16080,76800,844,197.76,26,12.8,168
113,22,22,THURSDAY,2,,,6,04:46,21:56,04:53,21:38,17160,78960,17580,77880,860,220.261,25,12.3,145
114,22,22,TUESDAY,2,,,1,04:20,21:38,04:28,21:20,15600,77880,16080,76800,844,197.76,26,12.8,168
115,22,22,TUESDAY,2,,,2,04:20,21:38,04:28,21:20,15600,77880,16080,76800,844,197.76,26,12.8,168
116,22,22,WEDNESDAY,2,,,2,04:20,21:38,04:28,21:20,15600,77880,16080,76800,844,197.76,26,12.8,168
117,22,22,WEDNESDAY,2,,,4,04:20,21:38,04:28,21:20,15600,77880,16080,76800,844,197.76,26,12.8,168
118,23,23,FRIDAY,3,,,2,06:00,20:07,06:05,19:52,21600,72420,21900,71520,695,161.09,20,5.7,132
119,23,23,FRIDAY,3,,,5,06:00,20:07,06:05,19:52,21600,72420,21900,71520,695,161.09,20,5.7,132
120,23,23,MONDAY,3,,,2,06:00,20:07,06:05,19:52,21600,72420,21900,71520,695,161.09,20,5.7,132
121,23,23,MONDAY,3,,,4,06:00,20:07,06:05,19:52,21600,72420,21900,71520,695,161.09,20,5.7,132
122,23,23,SATURDAY,3,,,6,06:00,18:44,06:05,18:29,21600,67440,21900,66540,623,145.702,20,5.7,121
123,23,23,SUNDAY,3,,,3,06:00,18:44,06:05,18:29,21600,67440,21900,66540,623,145.702,20,5.7,121
124,23,23,THURSDAY,3,,,2,06:00,20:07,06:05,19:52,21600,72420,21900,71520,695,161.09,20,5.7,132
125,23,23,THURSDAY,3,,,4,06:00,20:07,06:05,19:52,21600,72420,21900,71520,695,161.09,20,5.7,132
126,23,23,THURSDAY,3,,,6,06:00,18:44,06:05,18:29,21600,67440,21900,66540,623,145.702,20,5.7,121
127,23,23,TUESDAY,3,,,1,06:00,20:07,06:05,19:52,21600,72420,21900,71520,695,161.09,20,5.7,132
128,23,23,TUESDAY,3,,,2,06:00,20:07,06:05,19:52,21600,72420,21900,71520,695,161.09,20,5.7,132
129,23,23,WEDNESDAY,3,,,2,06:00,20:07,06:05,19:52,21600,72420,21900,71520,695,161.09,20,5.7,132
130,23,23,WEDNESDAY,3,,,4,06:00,20:07,06:05,19:52,21600,72420,21900,71520,695,161.09,20,5.7,132
131,24,24,FRIDAY,4,,,2,15:13,16:47,15:23,16:41,54780,60420,55380,60060,78,13.8315,16,6.0,0
132,24,24,FRIDAY,4,,,5,15:13,16:47,15:23,16:41,54780,60420,55380,60060,78,13.8315,16,6.0,0
133,24,24,MONDAY,4,,,2,15:13,16:47,15:23,16:41,54780,60420,55380,60060,78,13.8315,16,6.0,0
134,24,24,MONDAY,4,,,4,15:13,16:47,15:23,16:41,54780,60420,55380,60060,78,13.8315,16,6.0,0
135,24,24,THURSDAY,4,,,2,15:13,16:47,15:23,16:41,54780,60420,55380,60060,78,13.8315,16,6.0,0
136,24,24,THURSDAY,4,,,4,15:13,16:47,15:23,16:41,54780,60420,55380,60060,78,13.8315,16,6.0,0
137,24,24,TUESDAY,4,,,1,15:13,16:47,15:23,16:41,54780,60420,55380,60060,78,13.8315,16,6.0,0
138,24,24,TUESDAY,4,,,2,15:13,16:47,15:23,16:41,54780,60420,55380,60060,78,13.8315,16,6.0,0
139,24,24,WEDNESDAY,4,,,2,15:13,16:47,15:23,16:41,54780,60420,55380,60060,78,13.8315,16,6.0,0
140,24,24,WEDNESDAY,4,,,4,15:13,16:47,15:23,16:41,54780,60420,55380,60060,78,13.8315,16,6.0,0
141,25,25,FRIDAY,5,,,2,06:08,20:17,06:15,19:56,22080,73020,22500,71760,697,170.128,28,10.2,124
142,25,25,FRIDAY,5,,,5,06:08,20:17,06:15,19:56,22080,73020,22500,71760,697,170.128,28,10.2,124
143,25,25,MONDAY,5,,,2,06:08,20:17,06:15,19:56,22080,73020,22500,71760,697,170.128,28,10.2,124
144,25,25,MONDAY,5,,,4,06:08,20:17,06:15,19:56,22080,73020,22500,71760,697,170.128,28,10.2,124
145,25,25,SATURDAY,5,,,6,06:22,20:42,06:35,20:21,22920,74520,23700,73260,709,174.111,34,14.3,117
146,25,25,SUNDAY,5,,,3,06:22,20:42,06:35,20:21,22920,74520,23700,73260,709,174.111,34,14.3,117
147,25,25,THURSDAY,5,,,2,06:08,20:17,06:15,19:56,22080,73020,22500,71760,697,170.128,28,10.2,124
148,25,25,THURSDAY,5,,,4,06:08,20:17,06:15,19:56,22080,73020,22500,71760,697,170.128,28,10.2,124
149,25,25,THURSDAY,5,,,6,06:22,20:42,06:35,20:21,22920,74520,23700,73260,709,174.111,34,14.3,117
150,25,25,TUESDAY,5,,,1,06:08,20:17,06:15,19:56,22080,73020,22500,71760,697,170.128,28,10.2,124
151,25,25,TUESDAY,5,,,2,06:08,20:17,06:15,19:56,22080,73020,22500,71760,697,170.128,28,10.2,124
152,25,25,WEDNESDAY,5,,,2,06:08,20:17,06:15,19:56,22080,73020,22500,71760,697,170.128,28,10.2,124
153,25,25,WEDNESDAY,5,,,4,06:08,20:17,06:15,19:56,22080,73020,22500,71760,697,170.128,28,10.2,124
154,3013SCHO,3013SCHO,FRIDAY,3SCH,,,5,06:14,07:59,06:33,07:37,22440,28740,23580,27420,64,13.8072,41,13.2,0
155,3013SCHO,3013SCHO,MONDAY,3SCH,,,4,06:14,07:59,06:33,07:37,22440,28740,23580,27420,64,13.8072,41,13.2,0
156,3013SCHO,3013SCHO,THURSDAY,3SCH,,,4,06:14,07:59,06:33,07:37,22440,28740,23580,27420,64,13.8072,41,13.2,0
157,3013SCHO,3013SCHO,TUESDAY,3SCH,,,1,06:14,07:59,06:33,07:37,22440,28740,23580,27420,64,13.8072,41,13.2,0
158,3013SCHO,3013SCHO,WEDNESDAY,3SCH,,,4,06:14,07:59,06:33,07:37,22440,28740,23580,27420,64,13.8072,41,13.2,0
159,3033SCHO,3033SCHO,FRIDAY,3SCH,,,5,12:33,14:15,12:55,13:56,45180,51300,46500,50160,61,13.5234,41,13.2,0
160,3043SCHO,3043SCHO,MONDAY,3SCH,,,4,13:58,15:40,14:20,15:21,50280,56400,51600,55260,61,13.5234,41,13.2,0
161,3043SCHO,3043SCHO,THURSDAY,3SCH,,,4,13:58,15:40,14:20,15:21,50280,56400,51600,55260,61,13.5234,41,13.2,0
162,3043SCHO,3043SCHO,TUESDAY,3SCH,,,1,13:58,15:40,14:20,15:21,50280,56400,51600,55260,61,13.5234,41,13.2,0
163,3043SCHO,3043SCHO,WEDNESDAY,3SCH,,,4,13:58,15:40,14:20,15:21,50280,56400,51600,55260,61,13.5234,41,13.2,0
164,32,32,FRIDAY,2,,,2,04:40,20:20,04:50,20:02,16800,73200,17400,72120,773,176.263,28,14.5,139
165,32,32,FRIDAY,2,,,5,04:40,20:20,04:50,20:02,16800,73200,17400,72120,773,176.263,28,14.5,139
166,32,32,MONDAY,2,,,2,04:40,20:20,04:50,20:02,16800,73200,17400,72120,773,176.263,28,14.5,139
167,32,32,MONDAY,2,,,4,04:40,20:20,04:50,20:02,16800,73200,17400,72120,773,176.263,28,14.5,139
168,32,32,SATURDAY,2,,,6,04:53,21:20,05:00,21:02,17580,76800,18000,75720,831,212.621,25,12.3,131
169,32,32,SUNDAY,2,,,3,04:53,21:20,05:00,21:02,17580,76800,18000,75720,831,212.621,25,12.3,131
170,32,32,THURSDAY,2,,,2,04:40,20:20,04:50,20:02,16800,73200,17400,72120,773,176.263,28,14.5,139
171,32,32,THURSDAY,2,,,4,04:40,20:20,04:50,20:02,16800,73200,17400,72120,773,176.263,28,14.5,139
172,32,32,THURSDAY,2,,,6,04:53,21:20,05:00,21:02,17580,76800,18000,75720,831,212.621,25,12.3,131
173,32,32,TUESDAY,2,,,1,04:40,20:20,04:50,20:02,16800,73200,17400,72120,773,176.263,28,14.5,139
174,32,32,TUESDAY,2,,,2,04:40,20:20,04:50,20:02,16800,73200,17400,72120,773,176.263,28,14.5,139
175,32,32,WEDNESDAY,2,,,2,04:40,20:20,04:50,20:02,16800,73200,17400,72120,773,176.263,28,14.5,139
176,32,32,WEDNESDAY,2,,,4,04:40,20:20,04:50,20:02,16800,73200,17400,72120,773,176.263,28,14.5,139
177,33,33,FRIDAY,3,,,2,06:03,19:59,06:09,19:40,21780,71940,22140,70800,677,157.698,25,7.0,134
178,33,33,FRIDAY,3,,,5,06:03,19:59,06:09,19:40,21780,71940,22140,70800,677,157.698,25,7.0,134
179,33,33,MONDAY,3,,,2,06:03,19:59,06:09,19:40,21780,71940,22140,70800,677,157.698,25,7.0,134
180,33,33,MONDAY,3,,,4,06:03,19:59,06:09,19:40,21780,71940,22140,70800,677,157.698,25,7.0,134
181,33,33,SATURDAY,3,,,6,06:03,19:37,06:09,19:18,21780,70620,22140,69480,649,153.659,25,7.0,140
182,33,33,SUNDAY,3,,,3,06:03,19:37,06:09,19:18,21780,70620,22140,69480,649,153.659,25,7.0,140
183,33,33,THURSDAY,3,,,2,06:03,19:59,06:09,19:40,21780,71940,22140,70800,677,157.698,25,7.0,134
184,33,33,THURSDAY,3,,,4,06:03,19:59,06:09,19:40,21780,71940,22140,70800,677,157.698,25,7.0,134
185,33,33,THURSDAY,3,,,6,06:03,19:37,06:09,19:18,21780,70620,22140,69480,649,153.659,25,7.0,140
186,33,33,TUESDAY,3,,,1,06:03,19:59,06:09,19:40,21780,71940,22140,70800,677,157.698,25,7.0,134
187,33,33,TUESDAY,3,,,2,06:03,19:59,06:09,19:40,21780,71940,22140,70800,677,157.698,25,7.0,134
188,33,33,WEDNESDAY,3,,,2,06:03,19:59,06:09,19:40,21780,71940,22140,70800,677,157.698,25,7.0,134
189,33,33,WEDNESDAY,3,,,4,06:03,19:59,06:09,19:40,21780,71940,22140,70800,677,157.698,25,7.0,134
190,34,34,TUESDAY,4,,,1,14:15,15:10,14:25,15:04,51300,54600,51900,54240,39,6.8993,16,6.0,0
191,35,35,FRIDAY,5,,,2,06:17,20:47,06:30,20:26,22620,74820,23400,73560,711,174.111,34,14.3,125
192,35,35,FRIDAY,5,,,5,06:17,20:47,06:30,20:26,22620,74820,23400,73560,711,174.111,34,14.3,125
193,35,35,MONDAY,5,,,2,06:17,20:47,06:30,20:26,22620,74820,23400,73560,711,174.111,34,14.3,125
194,35,35,MONDAY,5,,,4,06:17,20:47,06:30,20:26,22620,74820,23400,73560,711,174.111,34,14.3,125
195,35,35,SATURDAY,5,,,6,06:39,20:04,07:00,19:51,23940,72240,25200,71460,664,161.213,34,14.3,107
196,35,35,SUNDAY,5,,,3,06:39,20:04,07:00,19:51,23940,72240,25200,71460,664,161.213,34,14.3,107
197,35,35,THURSDAY,5,,,2,06:17,20:47,06:30,20:26,22620,74820,23400,73560,711,174.111,34,14.3,125
198,35,35,THURSDAY,5,,,4,06:17,20:47,06:30,20:26,22620,74820,23400,73560,711,174.111,34,14.3,125
199,35,35,THURSDAY,5,,,6,06:39,20:04,07:00,19:51,23940,72240,25200,71460,664,161.213,34,14.3,107
200,35,35,TUESDAY,5,,,1,06:17,20:47,06:30,20:26,22620,74820,23400,73560,711,174.111,34,14.3,125
201,35,35,TUESDAY,5,,,2,06:17,20:47,06:30,20:26,22620,74820,23400,73560,711,174.111,34,14.3,125
202,35,35,WEDNESDAY,5,,,2,06:17,20:47,06:30,20:26,22620,74820,23400,73560,711,174.111,34,14.3,125
203,35,35,WEDNESDAY,5,,,4,06:17,20:47,06:30,20:26,22620,74820,23400,73560,711,174.111,34,14.3,125
204,42,42,FRIDAY,2,,,2,04:50,20:13,04:58,19:55,17400,72780,17880,71700,758,175.327,26,12.8,139
205,42,42,FRIDAY,2,,,5,04:50,20:13,04:58,19:55,17400,72780,17880,71700,758,175.327,26,12.8,139
206,42,42,MONDAY,2,,,2,04:50,20:13,04:58,19:55,17400,72780,17880,71700,758,175.327,26,12.8,139
207,42,42,MONDAY,2,,,4,04:50,20:13,04:58,19:55,17400,72780,17880,71700,758,175.327,26,12.8,139
208,42,42,SATURDAY,2,,,6,05:00,20:50,05:09,20:32,18000,75000,18540,73920,794,204.657,27,13.0,129
209,42,42,SUNDAY,2,,,3,05:00,20:50,05:09,20:32,18000,75000,18540,73920,794,204.657,27,13.0,129
210,42,42,THURSDAY,2,,,2,04:50,20:13,04:58,19:55,17400,72780,17880,71700,758,175.327,26,12.8,139
211,42,42,THURSDAY,2,,,4,04:50,20:13,04:58,19:55,17400,72780,17880,71700,758,175.327,26,12.8,139
212,42,42,THURSDAY,2,,,6,05:00,20:50,05:09,20:32,18000,75000,18540,73920,794,204.657,27,13.0,129
213,42,42,TUESDAY,2,,,1,04:50,20:13,04:58,19:55,17400,72780,17880,71700,758,175.327,26,12.8,139
214,42,42,TUESDAY,2,,,2,04:50,20:13,04:58,19:55,17400,72780,17880,71700,758,175.327,26,12.8,139
215,42,42,WEDNESDAY,2,,,2,04:50,20:13,04:58,19:55,17400,72780,17880,71700,758,175.327,26,12.8,139
216,42,42,WEDNESDAY,2,,,4,04:50,20:13,04:58,19:55,17400,72780,17880,71700,758,175.327,26,12.8,139
217,43,43,FRIDAY,3,,,2,06:30,20:37,06:35,20:22,23400,74220,23700,73320,697,161.09,20,5.7,130
218,43,43,FRIDAY,3,,,5,06:30,20:37,06:35,20:22,23400,74220,23700,73320,697,161.09,20,5.7,130
219,43,43,MONDAY,3,,,2,06:30,20:37,06:35,20:22,23400,74220,23700,73320,697,161.09,20,5.7,130
220,43,43,MONDAY,3,,,4,06:30,20:37,06:35,20:22,23400,74220,23700,73320,697,161.09,20,5.7,130
221,43,43,SATURDAY,3,,,6,06:30,19:14,06:35,18:59,23400,69240,23700,68340,621,145.702,20,5.7,123
222,43,43,SUNDAY,3,,,3,06:30,19:14,06:35,18:59,23400,69240,23700,68340,621,145.702,20,5.7,123
223,43,43,THURSDAY,3,,,2,06:30,20:37,06:35,20:22,23400,74220,23700,73320,697,161.09,20,5.7,130
224,43,43,THURSDAY,3,,,4,06:30,20:37,06:35,20:22,23400,74220,23700,73320,697,161.09,20,5.7,130
225,43,43,THURSDAY,3,,,6,06:30,19:14,06:35,18:59,23400,69240,23700,68340,621,145.702,20,5.7,123
226,43,43,TUESDAY,3,,,1,06:30,20:37,06:35,20:22,23400,74220,23700,73320,697,161.09,20,5.7,130
227,43,43,TUESDAY,3,,,2,06:30,20:37,06:35,20:22,23400,74220,23700,73320,697,161.09,20,5.7,130
228,43,43,WEDNESDAY,3,,,2,06:30,20:37,06:35,20:22,23400,74220,23700,73320,697,161.09,20,5.7,130
229,43,43,WEDNESDAY,3,,,4,06:30,20:37,06:35,20:22,23400,74220,23700,73320,697,161.09,20,5.7,130
230,45,45,FRIDAY,5,,,2,06:47,21:17,07:00,20:56,24420,76620,25200,75360,707,174.111,34,14.3,129
231,45,45,FRIDAY,5,,,5,06:47,21:17,07:00,20:56,24420,76620,25200,75360,707,174.111,34,14.3,129
232,45,45,MONDAY,5,,,2,06:47,21:17,07:00,20:56,24420,76620,25200,75360,707,174.111,34,14.3,129
233,45,45,MONDAY,5,,,4,06:47,21:17,07:00,20:56,24420,76620,25200,75360,707,174.111,34,14.3,129
234,45,45,SATURDAY,5,,,6,06:52,21:12,07:05,20:51,24720,76320,25500,75060,708,174.111,34,14.3,118
235,45,45,SUNDAY,5,,,3,06:52,21:12,07:05,20:51,24720,76320,25500,75060,708,174.111,34,14.3,118
236,45,45,THURSDAY,5,,,2,06:47,21:17,07:00,20:56,24420,76620,25200,75360,707,174.111,34,14.3,129
237,45,45,THURSDAY,5,,,4,06:47,21:17,07:00,20:56,24420,76620,25200,75360,707,174.111,34,14.3,129
238,45,45,THURSDAY,5,,,6,06:52,21:12,07:05,20:51,24720,76320,25500,75060,708,174.111,34,14.3,118
239,45,45,TUESDAY,5,,,1,06:47,21:17,07:00,20:56,24420,76620,25200,75360,707,174.111,34,14.3,129
240,45,45,TUESDAY,5,,,2,06:47,21:17,07:00,20:56,24420,76620,25200,75360,707,174.111,34,14.3,129
241,45,45,WEDNESDAY,5,,,2,06:47,21:17,07:00,20:56,24420,76620,25200,75360,707,174.111,34,14.3,129
242,45,45,WEDNESDAY,5,,,4,06:47,21:17,07:00,20:56,24420,76620,25200,75360,707,174.111,34,14.3,129
243,52,52,FRIDAY,2,,,2,04:42,21:46,05:00,21:28,16920,78360,18000,77280,825,190.817,36,21.0,163
244,52,52,FRIDAY,2,,,5,04:42,21:46,05:00,21:28,16920,78360,18000,77280,825,190.817,36,21.0,163
245,52,52,MONDAY,2,,,2,04:42,21:46,05:00,21:28,16920,78360,18000,77280,825,190.817,36,21.0,163
246,52,52,MONDAY,2,,,4,04:42,21:46,05:00,21:28,16920,78360,18000,77280,825,190.817,36,21.0,163
247,52,52,SATURDAY,2,,,6,05:05,21:46,05:14,21:28,18300,78360,18840,77280,837,212.187,27,13.2,137
248,52,52,SUNDAY,2,,,3,05:05,21:46,05:14,21:28,18300,78360,18840,77280,837,212.187,27,13.2,137
249,52,52,THURSDAY,2,,,2,04:42,21:46,05:00,21:28,16920,78360,18000,77280,825,190.817,36,21.0,163
250,52,52,THURSDAY,2,,,4,04:42,21:46,05:00,21:28,16920,78360,18000,77280,825,190.817,36,21.0,163
251,52,52,THURSDAY,2,,,6,05:05,21:46,05:14,21:28,18300,78360,18840,77280,837,212.187,27,13.2,137
252,52,52,TUESDAY,2,,,1,04:42,21:46,05:00,21:28,16920,78360,18000,77280,825,190.817,36,21.0,163
253,52,52,TUESDAY,2,,,2,04:42,21:46,05:00,21:28,16920,78360,18000,77280,825,190.817,36,21.0,163
254,52,52,WEDNESDAY,2,,,2,04:42,21:46,05:00,21:28,16920,78360,18000,77280,825,190.817,36,21.0,163
255,52,52,WEDNESDAY,2,,,4,04:42,21:46,05:00,21:28,16920,78360,18000,77280,825,190.817,36,21.0,163
256,62,62,FRIDAY,2,,,2,04:42,22:18,05:00,22:00,16920,80280,18000,79200,858,197.005,36,21.0,162
257,62,62,FRIDAY,2,,,5,04:42,22:18,05:00,22:00,16920,80280,18000,79200,858,197.005,36,21.0,162
258,62,62,MONDAY,2,,,2,04:42,22:18,05:00,22:00,16920,80280,18000,79200,858,197.005,36,21.0,162
259,62,62,MONDAY,2,,,4,04:42,22:18,05:00,22:00,16920,80280,18000,79200,858,197.005,36,21.0,162
260,62,62,SATURDAY,2,,,6,05:35,21:03,05:44,20:45,20100,75780,20640,74700,780,197.381,27,13.2,121
261,62,62,SUNDAY,2,,,3,05:35,21:03,05:44,20:45,20100,75780,20640,74700,780,197.381,27,13.2,121
262,62,62,THURSDAY,2,,,2,04:42,22:18,05:00,22:00,16920,80280,18000,79200,858,197.005,36,21.0,162
263,62,62,THURSDAY,2,,,4,04:42,22:18,05:00,22:00,16920,80280,18000,79200,858,197.005,36,21.0,162
264,62,62,THURSDAY,2,,,6,05:35,21:03,05:44,20:45,20100,75780,20640,74700,780,197.381,27,13.2,121
265,62,62,TUESDAY,2,,,1,04:42,22:18,05:00,22:00,16920,80280,18000,79200,858,197.005,36,21.0,162
266,62,62,TUESDAY,2,,,2,04:42,22:18,05:00,22:00,16920,80280,18000,79200,858,197.005,36,21.0,162
267,62,62,WEDNESDAY,2,,,2,04:42,22:18,05:00,22:00,16920,80280,18000,79200,858,197.005,36,21.0,162
268,62,62,WEDNESDAY,2,,,4,04:42,22:18,05:00,22:00,16920,80280,18000,79200,858,197.005,36,21.0,162
269,7017X,7017X,SUNDAY,7X,,,3,08:20,20:38,08:30,20:21,30000,74280,30600,73260,609,176.44,27,9.6,102
270,7027X,7027X,SUNDAY,7X,,,3,08:50,21:08,09:00,20:51,31800,76080,32400,75060,609,176.44,27,9.6,102
271,7037X,7037X,SUNDAY,7X,,,3,09:20,20:08,09:30,19:51,33600,72480,34200,71460,537,154.385,27,9.6,84
272,72,72,FRIDAY,2,,,2,05:12,21:16,05:30,20:58,18720,76560,19800,75480,784,182.198,36,21.0,144
273,72,72,FRIDAY,2,,,5,05:12,21:16,05:30,20:58,18720,76560,19800,75480,784,182.198,36,21.0,144
274,72,72,MONDAY,2,,,2,05:12,21:16,05:30,20:58,18720,76560,19800,75480,784,182.198,36,21.0,144
275,72,72,MONDAY,2,,,4,05:12,21:16,05:30,20:58,18720,76560,19800,75480,784,182.198,36,21.0,144
276,72,72,SATURDAY,2,,,6,06:00,21:26,06:09,21:08,21600,77160,22140,76080,769,197.855,27,13.0,130
277,72,72,SUNDAY,2,,,3,06:00,21:26,06:09,21:08,21600,77160,22140,76080,769,197.855,27,13.0,130
278,72,72,THURSDAY,2,,,2,05:12,21:16,05:30,20:58,18720,76560,19800,75480,784,182.198,36,21.0,144
279,72,72,THURSDAY,2,,,4,05:12,21:16,05:30,20:58,18720,76560,19800,75480,784,182.198,36,21.0,144
280,72,72,THURSDAY,2,,,6,06:00,21:26,06:09,21:08,21600,77160,22140,76080,769,197.855,27,13.0,130
281,72,72,TUESDAY,2,,,1,05:12,21:16,05:30,20:58,18720,76560,19800,75480,784,182.198,36,21.0,144
282,72,72,TUESDAY,2,,,2,05:12,21:16,05:30,20:58,18720,76560,19800,75480,784,182.198,36,21.0,144
283,72,72,WEDNESDAY,2,,,2,05:12,21:16,05:30,20:58,18720,76560,19800,75480,784,182.198,36,21.0,144
284,72,72,WEDNESDAY,2,,,4,05:12,21:16,05:30,20:58,18720,76560,19800,75480,784,182.198,36,21.0,144
285,82,82,FRIDAY,2,,,2,05:12,19:39,05:30,19:21,18720,70740,19800,69660,706,159.765,36,21.0,125
286,82,82,FRIDAY,2,,,5,05:12,19:39,05:30,19:21,18720,70740,19800,69660,706,159.765,36,21.0,125
287,82,82,MONDAY,2,,,2,05:12,19:39,05:30,19:21,18720,70740,19800,69660,706,159.765,36,21.0,125
288,82,82,MONDAY,2,,,4,05:12,19:39,05:30,19:21,18720,70740,19800,69660,706,159.765,36,21.0,125
289,82,82,THURSDAY,2,,,2,05:12,19:39,05:30,19:21,18720,70740,19800,69660,706,159.765,36,21.0,125
290,82,82,THURSDAY,2,,,4,05:12,19:39,05:30,19:21,18720,70740,19800,69660,706,159.765,36,21.0,125
291,82,82,TUESDAY,2,,,1,05:12,19:39,05:30,19:21,18720,70740,19800,69660,706,159.765,36,21.0,125
292,82,82,TUESDAY,2,,,2,05:12,19:39,05:30,19:21,18720,70740,19800,69660,706,159.765,36,21.0,125
293,82,82,WEDNESDAY,2,,,2,05:12,19:39,05:30,19:21,18720,70740,19800,69660,706,159.765,36,21.0,125
294,82,82,WEDNESDAY,2,,,4,05:12,19:39,05:30,19:21,18720,70740,19800,69660,706,159.765,36,21.0,125
295,92,92,FRIDAY,2,,,2,06:22,21:16,06:40,20:58,22920,76560,24000,75480,722,167.701,36,21.0,136
296,92,92,FRIDAY,2,,,5,06:22,21:16,06:40,20:58,22920,76560,24000,75480,722,167.701,36,21.0,136
297,92,92,MONDAY,2,,,2,06:22,21:16,06:40,20:58,22920,76560,24000,75480,722,167.701,36,21.0,136
298,92,92,MONDAY,2,,,4,06:22,21:16,06:40,20:58,22920,76560,24000,75480,722,167.701,36,21.0,136
299,92,92,THURSDAY,2,,,2,06:22,21:16,06:40,20:58,22920,76560,24000,75480,722,167.701,36,21.0,136
300,92,92,THURSDAY,2,,,4,06:22,21:16,06:40,20:58,22920,76560,24000,75480,722,167.701,36,21.0,136
301,92,92,TUESDAY,2,,,1,06:22,21:16,06:40,20:58,22920,76560,24000,75480,722,167.701,36,21.0,136
302,92,92,TUESDAY,2,,,2,06:22,21:16,06:40,20:58,22920,76560,24000,75480,722,167.701,36,21.0,136
303,92,92,WEDNESDAY,2,,,2,06:22,21:16,06:40,20:58,22920,76560,24000,75480,722,167.701,36,21.0,136
304,92,92,WEDNESDAY,2,,,4,06:22,21:16,06:40,20:58,22920,76560,24000,75480,722,167.701,36,21.0,136
